{"stats":{"minecraft:custom":{"minecraft:time_since_rest":833,"minecraft:walk_one_cm":35765,"minecraft:leave_game":3,"minecraft:horse_one_cm":137,"minecraft:mob_kills":1,"minecraft:walk_under_water_one_cm":7919,"minecraft:damage_dealt":199,"minecraft:interact_with_lectern":3,"minecraft:play_time":50286,"minecraft:jump":22,"minecraft:time_since_death":809,"minecraft:sprint_one_cm":4551,"minecraft:open_chest":18,"minecraft:swim_one_cm":760,"minecraft:total_world_time":79421,"minecraft:fly_one_cm":26125,"minecraft:interact_with_anvil":2,"minecraft:walk_on_water_one_cm":468,"minecraft:crouch_one_cm":101,"minecraft:sneak_time":51,"minecraft:deaths":2},"minecraft:killed":{"minecraft:zombie":1},"minecraft:picked_up":{"minecraft:lectern":1,"minecraft:written_book":1,"minecraft:rotten_flesh":3},"minecraft:used":{"minecraft:oak_fence":6,"minecraft:grass_block":12,"minecraft:red_bed":1,"minecraft:oak_slab":77,"minecraft:spruce_door":2,"minecraft:diamond_sword":3,"minecraft:camel_spawn_egg":1,"minecraft:oak_log":70,"minecraft:oak_stairs":117,"minecraft:lectern":6,"minecraft:writable_book":10,"minecraft:bookshelf":4,"minecraft:glass":49,"minecraft:chest":3,"minecraft:crafting_table":1,"minecraft:anvil":1,"minecraft:oak_planks":124,"minecraft:furnace":1,"minecraft:written_book":2}},"DataVersion":4325}